name,smiles,p_crbn_binder,predicted_active
cand_0,CCc1ccc(OC)c2c1C(=O)N(C1CCC(=O)NC1=O)C2=O,0.885,1
cand_1,O=C1CCC(N2C(=O)c3ccc(I)cc3C2=O)C(=O)N1,0.985,1
cand_2,NC(=O)c1cc(Cl)cc2c1C(=O)N(C1CCC(=O)NC1=O)C2=O,0.91,1
cand_3,Cc1cccc2c1C(=O)N(C1CCC(=O)NC1=O)C2=O,0.98,1
cand_4,COc1ccc(S(N)(=O)=O)c2c1C(=O)N(C1CCC(=O)NC1=O)C2=O,0.89,1
cand_5,NC(=O)c1ccc2c(c1)C(=O)N(C1CCC(=O)NC1=O)C2=O,0.955,1
cand_6,Nc1ccc2c(c1)C(=O)N(C1CCC(=O)NC1=O)C2=O,0.985,1
cand_7,O=C1CCC(N2C(=O)c3cccc(I)c3C2=O)C(=O)N1,0.95,1
cand_8,COc1ccc2c(c1)C(=O)N(C1CCC(=O)NC1=O)C2=O,0.98,1
cand_9,N#Cc1cccc2c1C(=O)N(C1CCC(=O)NC1=O)C2=O,0.985,1
cand_10,Cc1ccc2c(c1Br)C(=O)N(C1CCC(=O)NC1=O)C2=O,0.985,1
cand_11,N#Cc1ccc2c(c1)C(=O)N(C1CCC(=O)NC1=O)C2=O,0.97,1
cand_12,NS(=O)(=O)c1ccc2c(c1)C(=O)N(C1CCC(=O)NC1=O)C2=O,0.97,1
cand_13,O=C1CCC(N2C(=O)c3cc(C(F)(F)F)cc(C(F)(F)F)c3C2=O)C(=O)N1,0.96,1
cand_14,O=C1CCC(N2C(=O)c3ccc(Br)cc3C2=O)C(=O)N1,0.99,1
cand_15,CCc1cc2c(cc1O)C(=O)N(C1CCC(=O)NC1=O)C2=O,0.935,1
cand_16,COc1cccc2c1C(=O)N(C1CCC(=O)NC1=O)C2=O,0.98,1
cand_17,O=C1CCC(N2C(=O)c3cc(Cl)c([N+](=O)[O-])cc3C2=O)C(=O)N1,0.895,1
cand_18,O=C1CCC(N2C(=O)c3cccc([N+](=O)[O-])c3C2=O)C(=O)N1,0.89,1
cand_19,Cc1ccc2c(c1)C(=O)N(C1CCC(=O)NC1=O)C2=O,0.995,1
cand_20,Nc1cc2c(c(S(N)(=O)=O)c1)C(=O)N(C1CCC(=O)NC1=O)C2=O,0.95,1
cand_21,CCc1ccc2c(c1)C(=O)N(C1CCC(=O)NC1=O)C2=O,0.985,1
cand_22,NC(=O)c1ccc2c(c1C(=O)O)C(=O)N(C1CCC(=O)NC1=O)C2=O,0.93,1
cand_23,O=C1CCC(N2C(=O)c3c(Cl)ccc(I)c3C2=O)C(=O)N1,0.86,1
cand_24,NS(=O)(=O)c1ccc2c(c1C(=O)O)C(=O)N(C1CCC(=O)NC1=O)C2=O,0.965,1
cand_25,O=C1CCC(N2C(=O)c3ccc(F)c(I)c3C2=O)C(=O)N1,0.96,1
cand_26,O=C1CCC(N2C(=O)c3ccc([N+](=O)[O-])c(I)c3C2=O)C(=O)N1,0.91,1
cand_27,O=C1CCC(N2C(=O)c3cccc(O)c3C2=O)C(=O)N1,0.985,1
cand_28,N#Cc1cc2c(cc1I)C(=O)N(C1CCC(=O)NC1=O)C2=O,0.955,1
cand_29,O=C1CCC(N2C(=O)c3ccc(C(F)(F)F)c(O)c3C2=O)C(=O)N1,0.95,1
cand_30,CNc1cc2c(c([N+](=O)[O-])c1)C(=O)N(C1CCC(=O)NC1=O)C2=O,0.88,1
cand_31,O=C1CCC(N2C(=O)c3cccc(C(F)(F)F)c3C2=O)C(=O)N1,0.985,1
cand_32,O=C1CCC(N2C(=O)c3ccc(Cl)cc3C2=O)C(=O)N1,0.98,1
cand_33,O=C1CCC(N2C(=O)c3cccc(Br)c3C2=O)C(=O)N1,0.985,1
cand_34,Nc1ccc(N)c2c1C(=O)N(C1CCC(=O)NC1=O)C2=O,0.885,1
cand_35,COc1ccc2c(c1O)C(=O)N(C1CCC(=O)NC1=O)C2=O,0.975,1
cand_36,Cc1ccc(C#N)c2c1C(=O)N(C1CCC(=O)NC1=O)C2=O,0.92,1
cand_37,CCc1ccc(CC)c2c1C(=O)N(C1CCC(=O)NC1=O)C2=O,0.885,1
cand_38,O=C1CCC(N2C(=O)c3ccc(F)cc3C2=O)C(=O)N1,0.99,1
cand_39,CCc1cc2c(cc1F)C(=O)N(C1CCC(=O)NC1=O)C2=O,0.925,1
cand_40,CCc1cccc2c1C(=O)N(C1CCC(=O)NC1=O)C2=O,0.97,1
cand_41,CNc1ccc(N)c2c1C(=O)N(C1CCC(=O)NC1=O)C2=O,0.89,1
cand_42,NC(=O)c1cccc2c1C(=O)N(C1CCC(=O)NC1=O)C2=O,0.925,1
cand_43,NC(=O)c1cc(C(N)=O)c2c(c1)C(=O)N(C1CCC(=O)NC1=O)C2=O,0.9,1
cand_44,Nc1cccc2c1C(=O)N(C1CCC(=O)NC1=O)C2=O,0.975,1
cand_45,O=C1CCC(N2C(=O)c3cccc(Cl)c3C2=O)C(=O)N1,0.98,1
cand_46,CCc1ccc(O)c2c1C(=O)N(C1CCC(=O)NC1=O)C2=O,0.89,1
cand_47,CNc1cccc2c1C(=O)N(C1CCC(=O)NC1=O)C2=O,0.98,1
cand_48,O=C1CCC(N2C(=O)c3cccc(F)c3C2=O)C(=O)N1,0.93,1
cand_49,CNc1cc(Cl)cc2c1C(=O)N(C1CCC(=O)NC1=O)C2=O,0.94,1
cand_50,CN(C)c1ccc2c(c1Br)C(=O)N(C1CCC(=O)NC1=O)C2=O,0.985,1
cand_51,CCc1cc(I)cc2c1C(=O)N(C1CCC(=O)NC1=O)C2=O,0.935,1
cand_52,NC(=O)c1cc(Br)c2c(c1)C(=O)N(C1CCC(=O)NC1=O)C2=O,0.92,1
cand_53,Cc1cc2c(cc1[N+](=O)[O-])C(=O)N(C1CCC(=O)NC1=O)C2=O,0.89,1
cand_54,O=C1CCC(N2C(=O)c3ccc(C(=O)O)cc3C2=O)C(=O)N1,0.965,1
cand_55,COc1cc2c(cc1N)C(=O)N(C1CCC(=O)NC1=O)C2=O,0.93,1
cand_56,O=C1CCC(N2C(=O)c3ccc(O)cc3C2=O)C(=O)N1,0.995,1
cand_57,CN(C)c1ccc2c(c1)C(=O)N(C1CCC(=O)NC1=O)C2=O,0.985,1
cand_58,O=C1CCC(N2C(=O)c3ccc([N+](=O)[O-])cc3C2=O)C(=O)N1,0.945,1
cand_59,NC(=O)c1c(F)ccc2c1C(=O)N(C1CCC(=O)NC1=O)C2=O,0.96,1
cand_60,NC(=O)c1ccc2c(c1N)C(=O)N(C1CCC(=O)NC1=O)C2=O,0.945,1
cand_61,CCc1cc2c(cc1OC)C(=O)N(C1CCC(=O)NC1=O)C2=O,0.915,1
cand_62,O=C1CCC(N2C(=O)c3cccc(C(=O)O)c3C2=O)C(=O)N1,0.9,1
cand_63,NC(=O)c1cc(I)cc2c1C(=O)N(C1CCC(=O)NC1=O)C2=O,0.915,1
cand_64,COc1ccc2c(c1C)C(=O)N(C1CCC(=O)NC1=O)C2=O,0.975,1
cand_65,N#Cc1ccc2c(c1C(N)=O)C(=O)N(C1CCC(=O)NC1=O)C2=O,0.975,1
cand_66,N#Cc1cc2c(cc1C(=O)O)C(=O)N(C1CCC(=O)NC1=O)C2=O,0.91,1
cand_67,Cc1ccc2c(c1C#N)C(=O)N(C1CCC(=O)NC1=O)C2=O,0.965,1
cand_68,O=C1CCC(N2C(=O)c3ccc(Br)c(O)c3C2=O)C(=O)N1,0.99,1
cand_69,CNc1ccc2c(c1)C(=O)N(C1CCC(=O)NC1=O)C2=O,0.97,1
cand_70,Cc1ccc2c(c1C(N)=O)C(=O)N(C1CCC(=O)NC1=O)C2=O,0.975,1
cand_71,CCc1cc(C(=O)O)c2c(c1)C(=O)N(C1CCC(=O)NC1=O)C2=O,0.92,1
cand_72,CCc1ccc(I)c2c1C(=O)N(C1CCC(=O)NC1=O)C2=O,0.88,1
cand_73,CN(C)c1cc2c(cc1C(N)=O)C(=O)N(C1CCC(=O)NC1=O)C2=O,0.93,1
cand_74,CNc1ccc(S(N)(=O)=O)c2c1C(=O)N(C1CCC(=O)NC1=O)C2=O,0.89,1
cand_75,CCc1c(OC)ccc2c1C(=O)N(C1CCC(=O)NC1=O)C2=O,0.975,1
cand_76,Cc1cc2c(cc1Br)C(=O)N(C1CCC(=O)NC1=O)C2=O,0.95,1
cand_77,Cc1cc(Cl)c2c(c1)C(=O)N(C1CCC(=O)NC1=O)C2=O,0.95,1
cand_78,O=C1CCC(N2C(=O)c3cc(C(F)(F)F)cc(F)c3C2=O)C(=O)N1,0.94,1
cand_79,CCc1cc(OC)c2c(c1)C(=O)N(C1CCC(=O)NC1=O)C2=O,0.95,1
cand_80,Nc1cc(F)c2c(c1)C(=O)N(C1CCC(=O)NC1=O)C2=O,0.92,1
cand_81,NS(=O)(=O)c1ccc(O)c2c1C(=O)N(C1CCC(=O)NC1=O)C2=O,0.895,1
cand_82,CCc1c(Br)ccc2c1C(=O)N(C1CCC(=O)NC1=O)C2=O,0.975,1
cand_83,CCc1ccc(C)c2c1C(=O)N(C1CCC(=O)NC1=O)C2=O,0.875,1
cand_84,COc1cc2c(c(C(F)(F)F)c1)C(=O)N(C1CCC(=O)NC1=O)C2=O,0.955,1
cand_85,CCc1ccc2c(c1I)C(=O)N(C1CCC(=O)NC1=O)C2=O,0.965,1
cand_86,O=C1CCC(N2C(=O)c3ccc(I)c(Cl)c3C2=O)C(=O)N1,0.965,1
cand_87,CN(C)c1cc(O)cc2c1C(=O)N(C1CCC(=O)NC1=O)C2=O,0.955,1
cand_88,CNc1ccc2c(c1S(N)(=O)=O)C(=O)N(C1CCC(=O)NC1=O)C2=O,0.97,1
cand_89,CNc1cc(F)c2c(c1)C(=O)N(C1CCC(=O)NC1=O)C2=O,0.925,1
cand_90,Cc1cc(Br)cc2c1C(=O)N(C1CCC(=O)NC1=O)C2=O,0.955,1
cand_91,CNc1cc2c(cc1NC)C(=O)N(C1CCC(=O)NC1=O)C2=O,0.94,1
cand_92,CNc1cc(C(F)(F)F)cc2c1C(=O)N(C1CCC(=O)NC1=O)C2=O,0.955,1
cand_93,O=C1CCC(N2C(=O)c3cc([N+](=O)[O-])c(C(F)(F)F)cc3C2=O)C(=O)N1,0.885,1
cand_94,COc1cc(C#N)c2c(c1)C(=O)N(C1CCC(=O)NC1=O)C2=O,0.935,1
cand_95,CNc1cc2c(cc1I)C(=O)N(C1CCC(=O)NC1=O)C2=O,0.93,1
cand_96,N#Cc1ccc(N)c2c1C(=O)N(C1CCC(=O)NC1=O)C2=O,0.91,1
cand_97,CCc1c(N(C)C)ccc2c1C(=O)N(C1CCC(=O)NC1=O)C2=O,0.985,1
cand_98,NS(=O)(=O)c1cccc2c1C(=O)N(C1CCC(=O)NC1=O)C2=O,0.975,1
cand_99,Cc1cc(I)c2c(c1)C(=O)N(C1CCC(=O)NC1=O)C2=O,0.925,1
cand_100,O=C1CCC(N2C(=O)c3cc(Br)cc(O)c3C2=O)C(=O)N1,0.955,1
cand_101,NS(=O)(=O)c1ccc2c(c1Br)C(=O)N(C1CCC(=O)NC1=O)C2=O,0.98,1
cand_102,Cc1cc(C(N)=O)c2c(c1)C(=O)N(C1CCC(=O)NC1=O)C2=O,0.925,1
cand_103,NS(=O)(=O)c1cc2c(cc1I)C(=O)N(C1CCC(=O)NC1=O)C2=O,0.945,1
cand_104,COc1c(C(=O)O)ccc2c1C(=O)N(C1CCC(=O)NC1=O)C2=O,0.915,1
cand_105,O=C1CCC(N2C(=O)c3cc(Cl)cc(Br)c3C2=O)C(=O)N1,0.95,1
cand_106,COc1cc(Cl)cc2c1C(=O)N(C1CCC(=O)NC1=O)C2=O,0.945,1
cand_107,CN(C)c1cccc2c1C(=O)N(C1CCC(=O)NC1=O)C2=O,0.98,1
cand_108,NC(=O)c1cc(O)c2c(c1)C(=O)N(C1CCC(=O)NC1=O)C2=O,0.935,1
cand_109,CNc1ccc(C(F)(F)F)c2c1C(=O)N(C1CCC(=O)NC1=O)C2=O,0.875,1
cand_110,NC(=O)c1ccc([N+](=O)[O-])c2c1C(=O)N(C1CCC(=O)NC1=O)C2=O,0.83,1
cand_111,O=C1CCC(N2C(=O)c3cc(Cl)cc(C(=O)O)c3C2=O)C(=O)N1,0.9,1
cand_112,CNc1cc(S(N)(=O)=O)cc2c1C(=O)N(C1CCC(=O)NC1=O)C2=O,0.945,1
cand_113,NC(=O)c1cc(F)cc2c1C(=O)N(C1CCC(=O)NC1=O)C2=O,0.915,1
cand_114,COc1ccc2c(c1C(N)=O)C(=O)N(C1CCC(=O)NC1=O)C2=O,0.955,1
cand_115,CCc1cc2c(cc1C(=O)O)C(=O)N(C1CCC(=O)NC1=O)C2=O,0.87,1
cand_116,O=C1CCC(N2C(=O)c3ccc(C(=O)O)c(C(=O)O)c3C2=O)C(=O)N1,0.94,1
cand_117,Nc1cc(Cl)cc2c1C(=O)N(C1CCC(=O)NC1=O)C2=O,0.935,1
cand_118,NS(=O)(=O)c1cc(I)c2c(c1)C(=O)N(C1CCC(=O)NC1=O)C2=O,0.925,1
cand_119,NC(=O)c1ccc(N)c2c1C(=O)N(C1CCC(=O)NC1=O)C2=O,0.87,1
cand_120,CNc1ccc2c(c1OC)C(=O)N(C1CCC(=O)NC1=O)C2=O,0.915,1
cand_121,O=C1CCC(N2C(=O)c3ccc(Br)c(Cl)c3C2=O)C(=O)N1,0.98,1
cand_122,O=C1CCC(N2C(=O)c3ccc(I)c(I)c3C2=O)C(=O)N1,0.97,1
cand_123,O=C1CCC(N2C(=O)c3ccc(C(F)(F)F)cc3C2=O)C(=O)N1,0.98,1
cand_124,CCc1c(NC)ccc2c1C(=O)N(C1CCC(=O)NC1=O)C2=O,0.975,1
cand_125,COc1c(S(N)(=O)=O)ccc2c1C(=O)N(C1CCC(=O)NC1=O)C2=O,0.93,1
cand_126,COc1c(C(N)=O)ccc2c1C(=O)N(C1CCC(=O)NC1=O)C2=O,0.905,1
cand_127,N#Cc1ccc2c(c1F)C(=O)N(C1CCC(=O)NC1=O)C2=O,0.965,1
cand_128,O=C1CCC(N2C(=O)c3cc(Cl)cc(F)c3C2=O)C(=O)N1,0.905,1
cand_129,CCc1cc(C(F)(F)F)cc2c1C(=O)N(C1CCC(=O)NC1=O)C2=O,0.945,1
cand_130,O=C1CCC(N2C(=O)c3cc(Cl)c(I)cc3C2=O)C(=O)N1,0.92,1
cand_131,Nc1ccc2c(c1Br)C(=O)N(C1CCC(=O)NC1=O)C2=O,0.975,1
cand_132,COc1c(N(C)C)ccc2c1C(=O)N(C1CCC(=O)NC1=O)C2=O,0.94,1
cand_133,CCc1cc(NC)c2c(c1)C(=O)N(C1CCC(=O)NC1=O)C2=O,0.95,1
cand_134,N#Cc1cc2c(c(S(N)(=O)=O)c1)C(=O)N(C1CCC(=O)NC1=O)C2=O,0.945,1
cand_135,Nc1ccc(Cl)c2c1C(=O)N(C1CCC(=O)NC1=O)C2=O,0.855,1
cand_136,NS(=O)(=O)c1cc2c(c(C(F)(F)F)c1)C(=O)N(C1CCC(=O)NC1=O)C2=O,0.96,1
cand_137,COc1cc(C(=O)O)cc2c1C(=O)N(C1CCC(=O)NC1=O)C2=O,0.92,1
cand_138,CCc1cc2c(cc1C)C(=O)N(C1CCC(=O)NC1=O)C2=O,0.92,1
cand_139,O=C1CCC(N2C(=O)c3cc(I)cc(F)c3C2=O)C(=O)N1,0.93,1
cand_140,CCc1ccc2c(c1N(C)C)C(=O)N(C1CCC(=O)NC1=O)C2=O,0.97,1
cand_141,CN(C)c1cc(C#N)cc2c1C(=O)N(C1CCC(=O)NC1=O)C2=O,0.95,1
cand_142,NS(=O)(=O)c1c(Br)ccc2c1C(=O)N(C1CCC(=O)NC1=O)C2=O,0.965,1
cand_143,CN(C)c1cc2c(cc1C#N)C(=O)N(C1CCC(=O)NC1=O)C2=O,0.965,1
cand_144,Cc1cc(C(N)=O)cc2c1C(=O)N(C1CCC(=O)NC1=O)C2=O,0.92,1
cand_145,O=C1CCC(N2C(=O)c3cc(Cl)cc([N+](=O)[O-])c3C2=O)C(=O)N1,0.875,1
cand_146,NC(=O)c1ccc2c(c1C(F)(F)F)C(=O)N(C1CCC(=O)NC1=O)C2=O,0.955,1
cand_147,N#Cc1c(C(F)(F)F)ccc2c1C(=O)N(C1CCC(=O)NC1=O)C2=O,0.95,1
cand_148,O=C1CCC(N2C(=O)c3c(I)ccc(C(F)(F)F)c3C2=O)C(=O)N1,0.86,1
cand_149,CCc1cc(OC)cc2c1C(=O)N(C1CCC(=O)NC1=O)C2=O,0.925,1
cand_150,O=C1CCC(N2C(=O)c3cc(F)c(C(F)(F)F)cc3C2=O)C(=O)N1,0.945,1
cand_151,NC(=O)c1ccc2c(c1S(N)(=O)=O)C(=O)N(C1CCC(=O)NC1=O)C2=O,0.965,1
cand_152,O=C1CCC(N2C(=O)c3cc(Br)c(C(F)(F)F)cc3C2=O)C(=O)N1,0.96,1
cand_153,O=C1CCC(N2C(=O)c3cc(C(=O)O)cc(I)c3C2=O)C(=O)N1,0.885,1
cand_154,O=C1CCC(N2C(=O)c3ccc(Br)c(C(F)(F)F)c3C2=O)C(=O)N1,0.985,1
cand_155,O=C1CCC(N2C(=O)c3cc([N+](=O)[O-])cc(O)c3C2=O)C(=O)N1,0.92,1
cand_156,Nc1cc(C(F)(F)F)cc2c1C(=O)N(C1CCC(=O)NC1=O)C2=O,0.945,1
cand_157,O=C1CCC(N2C(=O)c3cc(O)c(Br)cc3C2=O)C(=O)N1,0.925,1
cand_158,NS(=O)(=O)c1cc([N+](=O)[O-])cc2c1C(=O)N(C1CCC(=O)NC1=O)C2=O,0.92,1
cand_159,NS(=O)(=O)c1cc(Br)c2c(c1)C(=O)N(C1CCC(=O)NC1=O)C2=O,0.955,1
cand_160,NS(=O)(=O)c1ccc2c(c1S(N)(=O)=O)C(=O)N(C1CCC(=O)NC1=O)C2=O,0.98,1
cand_161,NS(=O)(=O)c1cc(Cl)c2c(c1)C(=O)N(C1CCC(=O)NC1=O)C2=O,0.94,1
cand_162,CNc1cc2c(c(N(C)C)c1)C(=O)N(C1CCC(=O)NC1=O)C2=O,0.95,1
cand_163,CCc1ccc2c(c1S(N)(=O)=O)C(=O)N(C1CCC(=O)NC1=O)C2=O,0.97,1
cand_164,O=C1CCC(N2C(=O)c3cc([N+](=O)[O-])cc(I)c3C2=O)C(=O)N1,0.89,1
cand_165,COc1cc(N)cc2c1C(=O)N(C1CCC(=O)NC1=O)C2=O,0.935,1
cand_166,Nc1ccc2c(c1[N+](=O)[O-])C(=O)N(C1CCC(=O)NC1=O)C2=O,0.925,1
cand_167,CN(C)c1cc(C(N)=O)c2c(c1)C(=O)N(C1CCC(=O)NC1=O)C2=O,0.92,1
cand_168,Nc1cc2c(c([N+](=O)[O-])c1)C(=O)N(C1CCC(=O)NC1=O)C2=O,0.88,1
cand_169,O=C1CCC(N2C(=O)c3c(O)ccc(O)c3C2=O)C(=O)N1,0.905,1
cand_170,NS(=O)(=O)c1cc2c(cc1Cl)C(=O)N(C1CCC(=O)NC1=O)C2=O,0.945,1
cand_171,N#Cc1cc(C(=O)O)cc2c1C(=O)N(C1CCC(=O)NC1=O)C2=O,0.925,1
cand_172,Cc1ccc(N)c2c1C(=O)N(C1CCC(=O)NC1=O)C2=O,0.89,1
cand_173,CCc1cc(Br)cc2c1C(=O)N(C1CCC(=O)NC1=O)C2=O,0.935,1
cand_174,O=C1CCC(N2C(=O)c3cc(C(=O)O)cc(Br)c3C2=O)C(=O)N1,0.92,1
cand_175,O=C1CCC(N2C(=O)c3cc(Br)cc(F)c3C2=O)C(=O)N1,0.935,1
cand_176,N#Cc1cc2c(cc1N)C(=O)N(C1CCC(=O)NC1=O)C2=O,0.94,1
cand_177,O=C1CCC(N2C(=O)c3cc(Br)cc(C(F)(F)F)c3C2=O)C(=O)N1,0.965,1
cand_178,CNc1c(Cl)ccc2c1C(=O)N(C1CCC(=O)NC1=O)C2=O,0.925,1
cand_179,COc1cc(F)cc2c1C(=O)N(C1CCC(=O)NC1=O)C2=O,0.945,1
cand_180,NS(=O)(=O)c1c(O)ccc2c1C(=O)N(C1CCC(=O)NC1=O)C2=O,0.965,1
cand_181,Nc1ccc2c(c1O)C(=O)N(C1CCC(=O)NC1=O)C2=O,0.98,1
cand_182,O=C1CCC(N2C(=O)c3cc(I)c(C(F)(F)F)cc3C2=O)C(=O)N1,0.95,1
cand_183,NS(=O)(=O)c1cc(Cl)cc2c1C(=O)N(C1CCC(=O)NC1=O)C2=O,0.945,1
cand_184,O=C1CCC(N2C(=O)c3c(C(=O)O)ccc(C(F)(F)F)c3C2=O)C(=O)N1,0.865,1
cand_185,Nc1ccc2c(c1S(N)(=O)=O)C(=O)N(C1CCC(=O)NC1=O)C2=O,0.98,1
cand_186,CN(C)c1cc(C(=O)O)c2c(c1)C(=O)N(C1CCC(=O)NC1=O)C2=O,0.915,1
cand_187,O=C1CCC(N2C(=O)c3c([N+](=O)[O-])ccc(C(F)(F)F)c3C2=O)C(=O)N1,0.82,1
cand_188,N#Cc1cc(C#N)c2c(c1)C(=O)N(C1CCC(=O)NC1=O)C2=O,0.945,1
cand_189,Cc1ccc2c(c1N)C(=O)N(C1CCC(=O)NC1=O)C2=O,0.975,1
cand_190,O=C1CCC(N2C(=O)c3cc(Br)c(Br)cc3C2=O)C(=O)N1,0.955,1
cand_191,Nc1cc(Br)c2c(c1)C(=O)N(C1CCC(=O)NC1=O)C2=O,0.95,1
cand_192,CN(C)c1c(C(N)=O)ccc2c1C(=O)N(C1CCC(=O)NC1=O)C2=O,0.955,1
cand_193,Nc1cc2c(cc1O)C(=O)N(C1CCC(=O)NC1=O)C2=O,0.94,1
cand_194,O=C1CCC(N2C(=O)c3ccc(Cl)c(F)c3C2=O)C(=O)N1,0.935,1
cand_195,NC(=O)c1cc2c(cc1F)C(=O)N(C1CCC(=O)NC1=O)C2=O,0.91,1
cand_196,NC(=O)c1ccc(S(N)(=O)=O)c2c1C(=O)N(C1CCC(=O)NC1=O)C2=O,0.885,1
cand_197,O=C1CCC(N2C(=O)c3ccc(C(F)(F)F)c(C(=O)O)c3C2=O)C(=O)N1,0.935,1
cand_198,CCc1c(S(N)(=O)=O)ccc2c1C(=O)N(C1CCC(=O)NC1=O)C2=O,0.98,1
cand_199,O=C1CCC(N2C(=O)c3c(O)ccc([N+](=O)[O-])c3C2=O)C(=O)N1,0.85,1
cand_200,CNc1cc(O)cc2c1C(=O)N(C1CCC(=O)NC1=O)C2=O,0.95,1
cand_201,CNc1cc(C#N)c2c(c1)C(=O)N(C1CCC(=O)NC1=O)C2=O,0.95,1
cand_202,Cc1ccc(C(F)(F)F)c2c1C(=O)N(C1CCC(=O)NC1=O)C2=O,0.865,1
cand_203,CN(C)c1cc(C(=O)O)cc2c1C(=O)N(C1CCC(=O)NC1=O)C2=O,0.93,1
cand_204,CNc1ccc2c(c1C#N)C(=O)N(C1CCC(=O)NC1=O)C2=O,0.975,1
cand_205,N#Cc1c(F)ccc2c1C(=O)N(C1CCC(=O)NC1=O)C2=O,0.98,1
cand_206,CCc1cc(Cl)cc2c1C(=O)N(C1CCC(=O)NC1=O)C2=O,0.93,1
cand_207,CN(C)c1ccc(C(=O)O)c2c1C(=O)N(C1CCC(=O)NC1=O)C2=O,0.88,1
cand_208,NS(=O)(=O)c1ccc(F)c2c1C(=O)N(C1CCC(=O)NC1=O)C2=O,0.875,1
cand_209,Nc1ccc2c(c1Cl)C(=O)N(C1CCC(=O)NC1=O)C2=O,0.955,1
cand_210,CNc1cc2c(cc1[N+](=O)[O-])C(=O)N(C1CCC(=O)NC1=O)C2=O,0.88,1
cand_211,NS(=O)(=O)c1cc(O)c2c(c1)C(=O)N(C1CCC(=O)NC1=O)C2=O,0.95,1
cand_212,COc1c(C(F)(F)F)ccc2c1C(=O)N(C1CCC(=O)NC1=O)C2=O,0.91,1
cand_213,COc1ccc2c(c1S(N)(=O)=O)C(=O)N(C1CCC(=O)NC1=O)C2=O,0.975,1
cand_214,COc1ccc(C)c2c1C(=O)N(C1CCC(=O)NC1=O)C2=O,0.895,1
cand_215,Nc1ccc(F)c2c1C(=O)N(C1CCC(=O)NC1=O)C2=O,0.885,1
cand_216,CNc1cc(NC)c2c(c1)C(=O)N(C1CCC(=O)NC1=O)C2=O,0.95,1
cand_217,N#Cc1cc([N+](=O)[O-])cc2c1C(=O)N(C1CCC(=O)NC1=O)C2=O,0.93,1
cand_218,CCc1ccc(Cl)c2c1C(=O)N(C1CCC(=O)NC1=O)C2=O,0.855,1
cand_219,CN(C)c1ccc(S(N)(=O)=O)c2c1C(=O)N(C1CCC(=O)NC1=O)C2=O,0.885,1
cand_220,O=C1CCC(N2C(=O)c3ccc(O)c(F)c3C2=O)C(=O)N1,0.975,1
cand_221,Cc1cc2c(cc1O)C(=O)N(C1CCC(=O)NC1=O)C2=O,0.95,1
cand_222,CN(C)c1cc([N+](=O)[O-])cc2c1C(=O)N(C1CCC(=O)NC1=O)C2=O,0.92,1
cand_223,CCc1ccc2c(c1Cl)C(=O)N(C1CCC(=O)NC1=O)C2=O,0.965,1
cand_224,N#Cc1c(O)ccc2c1C(=O)N(C1CCC(=O)NC1=O)C2=O,0.995,1
cand_225,CCc1cc2c(cc1CC)C(=O)N(C1CCC(=O)NC1=O)C2=O,0.925,1
cand_226,CCc1ccc2c(c1C)C(=O)N(C1CCC(=O)NC1=O)C2=O,0.97,1
cand_227,CN(C)c1cc2c(c(S(N)(=O)=O)c1)C(=O)N(C1CCC(=O)NC1=O)C2=O,0.94,1
cand_228,O=C1CCC(N2C(=O)c3cc(I)cc(Cl)c3C2=O)C(=O)N1,0.95,1
cand_229,CNc1cc2c(cc1Br)C(=O)N(C1CCC(=O)NC1=O)C2=O,0.94,1
cand_230,Nc1ccc(S(N)(=O)=O)c2c1C(=O)N(C1CCC(=O)NC1=O)C2=O,0.885,1
cand_231,O=C1CCC(N2C(=O)c3ccc(F)c(C(=O)O)c3C2=O)C(=O)N1,0.955,1
cand_232,NC(=O)c1ccc(C(F)(F)F)c2c1C(=O)N(C1CCC(=O)NC1=O)C2=O,0.86,1
cand_233,O=C1CCC(N2C(=O)c3cc(Br)cc(Cl)c3C2=O)C(=O)N1,0.955,1
cand_234,NS(=O)(=O)c1cc(C(=O)O)c2c(c1)C(=O)N(C1CCC(=O)NC1=O)C2=O,0.91,1
cand_235,CCc1ccc2c(c1C(=O)O)C(=O)N(C1CCC(=O)NC1=O)C2=O,0.96,1
cand_236,NC(=O)c1ccc(F)c2c1C(=O)N(C1CCC(=O)NC1=O)C2=O,0.86,1
cand_237,O=C1CCC(N2C(=O)c3c(Cl)ccc(C(=O)O)c3C2=O)C(=O)N1,0.845,1
cand_238,N#Cc1cc(N)c2c(c1)C(=O)N(C1CCC(=O)NC1=O)C2=O,0.945,1
cand_239,COc1cc(C#N)cc2c1C(=O)N(C1CCC(=O)NC1=O)C2=O,0.95,1
cand_240,NC(=O)c1ccc2c(c1C(N)=O)C(=O)N(C1CCC(=O)NC1=O)C2=O,0.95,1
cand_241,Cc1ccc(C)c2c1C(=O)N(C1CCC(=O)NC1=O)C2=O,0.895,1
cand_242,CNc1cc(I)c2c(c1)C(=O)N(C1CCC(=O)NC1=O)C2=O,0.92,1
cand_243,Nc1cc2c(cc1F)C(=O)N(C1CCC(=O)NC1=O)C2=O,0.94,1
cand_244,Nc1ccc2c(c1F)C(=O)N(C1CCC(=O)NC1=O)C2=O,0.95,1
cand_245,O=C1CCC(N2C(=O)c3c(I)ccc(I)c3C2=O)C(=O)N1,0.89,1
cand_246,Cc1ccc2c(c1N(C)C)C(=O)N(C1CCC(=O)NC1=O)C2=O,0.98,1
cand_247,CCc1cc(Cl)c2c(c1)C(=O)N(C1CCC(=O)NC1=O)C2=O,0.95,1
cand_248,O=C1CCC(N2C(=O)c3c(F)ccc([N+](=O)[O-])c3C2=O)C(=O)N1,0.83,1
cand_249,O=C1CCC(N2C(=O)c3cc(C(=O)O)c([N+](=O)[O-])cc3C2=O)C(=O)N1,0.85,1
cand_250,COc1cc(F)c2c(c1)C(=O)N(C1CCC(=O)NC1=O)C2=O,0.92,1
cand_251,O=C1CCC(N2C(=O)c3cc(Br)cc(Br)c3C2=O)C(=O)N1,0.96,1
cand_252,N#Cc1cc2c(cc1F)C(=O)N(C1CCC(=O)NC1=O)C2=O,0.955,1
cand_253,CN(C)c1cc2c(cc1O)C(=O)N(C1CCC(=O)NC1=O)C2=O,0.965,1
cand_254,COc1ccc(N)c2c1C(=O)N(C1CCC(=O)NC1=O)C2=O,0.885,1
cand_255,Cc1c(S(N)(=O)=O)ccc2c1C(=O)N(C1CCC(=O)NC1=O)C2=O,0.98,1
cand_256,O=C1CCC(N2C(=O)c3cc(O)c(F)cc3C2=O)C(=O)N1,0.945,1
cand_257,CCc1ccc(C#N)c2c1C(=O)N(C1CCC(=O)NC1=O)C2=O,0.915,1
cand_258,CN(C)c1ccc2c(c1C(=O)O)C(=O)N(C1CCC(=O)NC1=O)C2=O,0.93,1
cand_259,O=C1CCC(N2C(=O)c3ccc(C(F)(F)F)c(Cl)c3C2=O)C(=O)N1,0.93,1
cand_260,CCc1ccc(C(F)(F)F)c2c1C(=O)N(C1CCC(=O)NC1=O)C2=O,0.865,1
cand_261,CNc1cc(F)cc2c1C(=O)N(C1CCC(=O)NC1=O)C2=O,0.95,1
cand_262,O=C1CCC(N2C(=O)c3cc(O)c(O)cc3C2=O)C(=O)N1,0.95,1
cand_263,Cc1cc(F)c2c(c1)C(=O)N(C1CCC(=O)NC1=O)C2=O,0.925,1
cand_264,O=C1CCC(N2C(=O)c3cc(C(F)(F)F)cc(O)c3C2=O)C(=O)N1,0.95,1
cand_265,NS(=O)(=O)c1ccc2c(c1C(F)(F)F)C(=O)N(C1CCC(=O)NC1=O)C2=O,0.98,1
cand_266,N#Cc1cc2c(cc1Br)C(=O)N(C1CCC(=O)NC1=O)C2=O,0.96,1
cand_267,CNc1cc(O)c2c(c1)C(=O)N(C1CCC(=O)NC1=O)C2=O,0.95,1
cand_268,CNc1cc2c(cc1O)C(=O)N(C1CCC(=O)NC1=O)C2=O,0.94,1
cand_269,CNc1cc(C(N)=O)cc2c1C(=O)N(C1CCC(=O)NC1=O)C2=O,0.92,1
cand_270,N#Cc1ccc(Cl)c2c1C(=O)N(C1CCC(=O)NC1=O)C2=O,0.9,1
cand_271,COc1cc(I)c2c(c1)C(=O)N(C1CCC(=O)NC1=O)C2=O,0.92,1
cand_272,NS(=O)(=O)c1c(Cl)ccc2c1C(=O)N(C1CCC(=O)NC1=O)C2=O,0.96,1
cand_273,O=C1CCC(N2C(=O)c3ccc(O)c([N+](=O)[O-])c3C2=O)C(=O)N1,0.94,1
cand_274,COc1cc2c(cc1N(C)C)C(=O)N(C1CCC(=O)NC1=O)C2=O,0.95,1
cand_275,NC(=O)c1ccc(Cl)c2c1C(=O)N(C1CCC(=O)NC1=O)C2=O,0.845,1
cand_276,COc1ccc2c(c1N(C)C)C(=O)N(C1CCC(=O)NC1=O)C2=O,0.98,1
cand_277,Cc1cc(C(=O)O)cc2c1C(=O)N(C1CCC(=O)NC1=O)C2=O,0.925,1
cand_278,N#Cc1c(C(=O)O)ccc2c1C(=O)N(C1CCC(=O)NC1=O)C2=O,0.95,1
cand_279,O=C1CCC(N2C(=O)c3cc(Br)cc(I)c3C2=O)C(=O)N1,0.93,1
cand_280,CN(C)c1cc2c(c(N(C)C)c1)C(=O)N(C1CCC(=O)NC1=O)C2=O,0.955,1
cand_281,CNc1ccc(C(=O)O)c2c1C(=O)N(C1CCC(=O)NC1=O)C2=O,0.88,1
cand_282,CN(C)c1ccc2c(c1C(N)=O)C(=O)N(C1CCC(=O)NC1=O)C2=O,0.94,1
cand_283,N#Cc1cc(Br)cc2c1C(=O)N(C1CCC(=O)NC1=O)C2=O,0.96,1
cand_284,CCc1c(Cl)ccc2c1C(=O)N(C1CCC(=O)NC1=O)C2=O,0.945,1
cand_285,O=C1CCC(N2C(=O)c3ccc(I)c(F)c3C2=O)C(=O)N1,0.955,1
cand_286,CNc1ccc2c(c1Br)C(=O)N(C1CCC(=O)NC1=O)C2=O,0.97,1
cand_287,CN(C)c1ccc(F)c2c1C(=O)N(C1CCC(=O)NC1=O)C2=O,0.885,1
cand_288,Cc1cc2c(c(N(C)C)c1)C(=O)N(C1CCC(=O)NC1=O)C2=O,0.955,1
cand_289,CN(C)c1cc(I)c2c(c1)C(=O)N(C1CCC(=O)NC1=O)C2=O,0.925,1
cand_290,CCc1ccc2c(c1N)C(=O)N(C1CCC(=O)NC1=O)C2=O,0.97,1
cand_291,O=C1CCC(N2C(=O)c3c(O)ccc(I)c3C2=O)C(=O)N1,0.895,1
cand_292,Nc1ccc([N+](=O)[O-])c2c1C(=O)N(C1CCC(=O)NC1=O)C2=O,0.835,1
cand_293,COc1cc(Br)cc2c1C(=O)N(C1CCC(=O)NC1=O)C2=O,0.915,1
cand_294,O=C1CCC(N2C(=O)c3c(Br)ccc([N+](=O)[O-])c3C2=O)C(=O)N1,0.845,1
cand_295,O=C1CCC(N2C(=O)c3cc(C(=O)O)cc(F)c3C2=O)C(=O)N1,0.89,1
cand_296,CNc1cc2c(cc1C#N)C(=O)N(C1CCC(=O)NC1=O)C2=O,0.945,1
cand_297,O=C1CCC(N2C(=O)c3cc(F)c(C(=O)O)cc3C2=O)C(=O)N1,0.895,1
cand_298,CNc1cc2c(cc1C(F)(F)F)C(=O)N(C1CCC(=O)NC1=O)C2=O,0.945,1
cand_299,COc1cc2c(cc1O)C(=O)N(C1CCC(=O)NC1=O)C2=O,0.94,1
cand_300,O=C1CCC(N2C(=O)c3cc(O)cc(O)c3C2=O)C(=O)N1,0.955,1
cand_301,Nc1cc2c(c(C(F)(F)F)c1)C(=O)N(C1CCC(=O)NC1=O)C2=O,0.955,1
cand_302,N#Cc1cc(O)c2c(c1)C(=O)N(C1CCC(=O)NC1=O)C2=O,0.95,1
cand_303,CN(C)c1ccc2c(c1C(F)(F)F)C(=O)N(C1CCC(=O)NC1=O)C2=O,0.97,1
cand_304,N#Cc1c([N+](=O)[O-])ccc2c1C(=O)N(C1CCC(=O)NC1=O)C2=O,0.93,1
cand_305,O=C1CCC(N2C(=O)c3cc(O)cc(C(=O)O)c3C2=O)C(=O)N1,0.91,1
cand_306,CCc1ccc([N+](=O)[O-])c2c1C(=O)N(C1CCC(=O)NC1=O)C2=O,0.83,1
cand_307,Nc1c([N+](=O)[O-])ccc2c1C(=O)N(C1CCC(=O)NC1=O)C2=O,0.915,1
cand_308,NS(=O)(=O)c1ccc(C(=O)O)c2c1C(=O)N(C1CCC(=O)NC1=O)C2=O,0.87,1
cand_309,CNc1ccc(C(N)=O)c2c1C(=O)N(C1CCC(=O)NC1=O)C2=O,0.885,1
cand_310,CNc1c(F)ccc2c1C(=O)N(C1CCC(=O)NC1=O)C2=O,0.96,1
cand_311,O=C1CCC(N2C(=O)c3cc(C(=O)O)cc(O)c3C2=O)C(=O)N1,0.935,1
cand_312,O=C1CCC(N2C(=O)c3c(Br)ccc(I)c3C2=O)C(=O)N1,0.89,1
cand_313,CCc1c(C(N)=O)ccc2c1C(=O)N(C1CCC(=O)NC1=O)C2=O,0.955,1
cand_314,CN(C)c1cc(N)cc2c1C(=O)N(C1CCC(=O)NC1=O)C2=O,0.95,1
cand_315,COc1cc2c(cc1[N+](=O)[O-])C(=O)N(C1CCC(=O)NC1=O)C2=O,0.88,1
cand_316,O=C1CCC(N2C(=O)c3c(C(=O)O)ccc(C(=O)O)c3C2=O)C(=O)N1,0.875,1
cand_317,CN(C)c1cc2c(cc1S(N)(=O)=O)C(=O)N(C1CCC(=O)NC1=O)C2=O,0.955,1
cand_318,N#Cc1ccc(I)c2c1C(=O)N(C1CCC(=O)NC1=O)C2=O,0.92,1
cand_319,COc1cc2c(cc1C(=O)O)C(=O)N(C1CCC(=O)NC1=O)C2=O,0.905,1
cand_320,Cc1ccc(S(N)(=O)=O)c2c1C(=O)N(C1CCC(=O)NC1=O)C2=O,0.89,1
cand_321,NS(=O)(=O)c1cc(C(F)(F)F)cc2c1C(=O)N(C1CCC(=O)NC1=O)C2=O,0.96,1
cand_322,O=C1CCC(N2C(=O)c3ccc(C(=O)O)c(F)c3C2=O)C(=O)N1,0.93,1
cand_323,O=C1CCC(N2C(=O)c3cc(C(=O)O)c(C(F)(F)F)cc3C2=O)C(=O)N1,0.885,1
cand_324,N#Cc1ccc2c(c1C#N)C(=O)N(C1CCC(=O)NC1=O)C2=O,0.98,1
cand_325,O=C1CCC(N2C(=O)c3ccc([N+](=O)[O-])c(Br)c3C2=O)C(=O)N1,0.915,1
cand_326,CNc1cc(C#N)cc2c1C(=O)N(C1CCC(=O)NC1=O)C2=O,0.945,1
cand_327,N#Cc1ccc2c(c1O)C(=O)N(C1CCC(=O)NC1=O)C2=O,0.995,1
cand_328,CNc1cc(I)cc2c1C(=O)N(C1CCC(=O)NC1=O)C2=O,0.945,1
cand_329,Cc1c(N(C)C)ccc2c1C(=O)N(C1CCC(=O)NC1=O)C2=O,0.985,1
cand_330,CNc1cc(C(N)=O)c2c(c1)C(=O)N(C1CCC(=O)NC1=O)C2=O,0.915,1
cand_331,CCc1cc(CC)c2c(c1)C(=O)N(C1CCC(=O)NC1=O)C2=O,0.945,1
cand_332,Nc1cc2c(cc1I)C(=O)N(C1CCC(=O)NC1=O)C2=O,0.93,1
cand_333,Nc1cc2c(cc1[N+](=O)[O-])C(=O)N(C1CCC(=O)NC1=O)C2=O,0.895,1
cand_334,COc1c(Cl)ccc2c1C(=O)N(C1CCC(=O)NC1=O)C2=O,0.88,1
cand_335,O=C1CCC(N2C(=O)c3cc(F)cc(I)c3C2=O)C(=O)N1,0.92,1
cand_336,Cc1cc2c(cc1N)C(=O)N(C1CCC(=O)NC1=O)C2=O,0.915,1
cand_337,NC(=O)c1c(I)ccc2c1C(=O)N(C1CCC(=O)NC1=O)C2=O,0.955,1
cand_338,NC(=O)c1c(N)ccc2c1C(=O)N(C1CCC(=O)NC1=O)C2=O,0.96,1
cand_339,N#Cc1cc(C(N)=O)cc2c1C(=O)N(C1CCC(=O)NC1=O)C2=O,0.925,1
cand_340,O=C1CCC(N2C(=O)c3cc(I)c(I)cc3C2=O)C(=O)N1,0.945,1
cand_341,CNc1cc(N)c2c(c1)C(=O)N(C1CCC(=O)NC1=O)C2=O,0.935,1
cand_342,CN(C)c1cc2c(cc1[N+](=O)[O-])C(=O)N(C1CCC(=O)NC1=O)C2=O,0.895,1
cand_343,CN(C)c1ccc(O)c2c1C(=O)N(C1CCC(=O)NC1=O)C2=O,0.905,1
cand_344,NC(=O)c1ccc(C(=O)O)c2c1C(=O)N(C1CCC(=O)NC1=O)C2=O,0.865,1
cand_345,Cc1ccc2c(c1S(N)(=O)=O)C(=O)N(C1CCC(=O)NC1=O)C2=O,0.985,1
cand_346,CNc1ccc(O)c2c1C(=O)N(C1CCC(=O)NC1=O)C2=O,0.905,1
cand_347,CN(C)c1ccc2c(c1S(N)(=O)=O)C(=O)N(C1CCC(=O)NC1=O)C2=O,0.965,1
cand_348,O=C1CCC(N2C(=O)c3ccc(I)c(C(F)(F)F)c3C2=O)C(=O)N1,0.965,1
cand_349,NS(=O)(=O)c1c(I)ccc2c1C(=O)N(C1CCC(=O)NC1=O)C2=O,0.97,1
cand_350,O=C1CCC(N2C(=O)c3ccc(Cl)c(C(=O)O)c3C2=O)C(=O)N1,0.925,1
cand_351,CN(C)c1cc2c(c(C(F)(F)F)c1)C(=O)N(C1CCC(=O)NC1=O)C2=O,0.965,1
cand_352,N#Cc1cc(Cl)c2c(c1)C(=O)N(C1CCC(=O)NC1=O)C2=O,0.955,1
cand_353,CN(C)c1cc(Br)c2c(c1)C(=O)N(C1CCC(=O)NC1=O)C2=O,0.955,1
cand_354,Cc1ccc(C(N)=O)c2c1C(=O)N(C1CCC(=O)NC1=O)C2=O,0.885,1
cand_355,Nc1cc(F)cc2c1C(=O)N(C1CCC(=O)NC1=O)C2=O,0.94,1
cand_356,NC(=O)c1cc(C(=O)O)c2c(c1)C(=O)N(C1CCC(=O)NC1=O)C2=O,0.885,1
cand_357,O=C1CCC(N2C(=O)c3cc(C(F)(F)F)cc(Br)c3C2=O)C(=O)N1,0.965,1
cand_358,N#Cc1c(Br)ccc2c1C(=O)N(C1CCC(=O)NC1=O)C2=O,0.975,1
cand_359,N#Cc1c(N)ccc2c1C(=O)N(C1CCC(=O)NC1=O)C2=O,0.98,1
cand_360,N#Cc1ccc2c(c1Br)C(=O)N(C1CCC(=O)NC1=O)C2=O,0.96,1
cand_361,NS(=O)(=O)c1cc(Br)cc2c1C(=O)N(C1CCC(=O)NC1=O)C2=O,0.955,1
cand_362,NS(=O)(=O)c1cc2c(cc1S(N)(=O)=O)C(=O)N(C1CCC(=O)NC1=O)C2=O,0.95,1
cand_363,COc1ccc(Br)c2c1C(=O)N(C1CCC(=O)NC1=O)C2=O,0.905,1
cand_364,O=C1CCC(N2C(=O)c3cc(F)cc(Br)c3C2=O)C(=O)N1,0.955,1
cand_365,Cc1cc(C(=O)O)c2c(c1)C(=O)N(C1CCC(=O)NC1=O)C2=O,0.92,1
cand_366,CCc1cc(C(=O)O)cc2c1C(=O)N(C1CCC(=O)NC1=O)C2=O,0.905,1
cand_367,CN(C)c1cc(S(N)(=O)=O)cc2c1C(=O)N(C1CCC(=O)NC1=O)C2=O,0.955,1
cand_368,Nc1cc(S(N)(=O)=O)cc2c1C(=O)N(C1CCC(=O)NC1=O)C2=O,0.94,1
cand_369,Nc1cc(O)c2c(c1)C(=O)N(C1CCC(=O)NC1=O)C2=O,0.935,1
cand_370,CCc1cc(O)c2c(c1)C(=O)N(C1CCC(=O)NC1=O)C2=O,0.955,1
cand_371,CNc1ccc(Cl)c2c1C(=O)N(C1CCC(=O)NC1=O)C2=O,0.865,1
cand_372,Cc1cc(F)cc2c1C(=O)N(C1CCC(=O)NC1=O)C2=O,0.955,1
cand_373,CN(C)c1cc(I)cc2c1C(=O)N(C1CCC(=O)NC1=O)C2=O,0.955,1
cand_374,Cc1c([N+](=O)[O-])ccc2c1C(=O)N(C1CCC(=O)NC1=O)C2=O,0.915,1
cand_375,Cc1c(C(=O)O)ccc2c1C(=O)N(C1CCC(=O)NC1=O)C2=O,0.93,1
cand_376,CCc1cc2c(cc1I)C(=O)N(C1CCC(=O)NC1=O)C2=O,0.925,1
cand_377,O=C1CCC(N2C(=O)c3c(F)ccc(C(=O)O)c3C2=O)C(=O)N1,0.855,1
cand_378,O=C1CCC(N2C(=O)c3cc(C(=O)O)cc(C(=O)O)c3C2=O)C(=O)N1,0.9,1
cand_379,O=C1CCC(N2C(=O)c3ccc(Cl)c(O)c3C2=O)C(=O)N1,0.95,1
cand_380,CN(C)c1cc(Cl)cc2c1C(=O)N(C1CCC(=O)NC1=O)C2=O,0.95,1
cand_381,O=C1CCC(N2C(=O)c3cc(O)c(Cl)cc3C2=O)C(=O)N1,0.94,1
cand_382,O=C1CCC(N2C(=O)c3ccc(C(F)(F)F)c(C(F)(F)F)c3C2=O)C(=O)N1,0.945,1
cand_383,COc1ccc2c(c1I)C(=O)N(C1CCC(=O)NC1=O)C2=O,0.97,1
cand_384,NC(=O)c1cc2c(c(C(F)(F)F)c1)C(=O)N(C1CCC(=O)NC1=O)C2=O,0.93,1
cand_385,CNc1cc(C)cc2c1C(=O)N(C1CCC(=O)NC1=O)C2=O,0.91,1
cand_386,CCc1ccc2c(c1OC)C(=O)N(C1CCC(=O)NC1=O)C2=O,0.92,1
cand_387,CN(C)c1cc(Cl)c2c(c1)C(=O)N(C1CCC(=O)NC1=O)C2=O,0.95,1
cand_388,COc1ccc2c(c1C(F)(F)F)C(=O)N(C1CCC(=O)NC1=O)C2=O,0.975,1
cand_389,Cc1cc(N)cc2c1C(=O)N(C1CCC(=O)NC1=O)C2=O,0.95,1
cand_390,O=C1CCC(N2C(=O)c3cc(F)cc(O)c3C2=O)C(=O)N1,0.95,1
cand_391,COc1cc2c(cc1C#N)C(=O)N(C1CCC(=O)NC1=O)C2=O,0.95,1
cand_392,O=C1CCC(N2C(=O)c3ccc(O)c(I)c3C2=O)C(=O)N1,0.985,1
cand_393,O=C1CCC(N2C(=O)c3cc(C(F)(F)F)c(C(F)(F)F)cc3C2=O)C(=O)N1,0.96,1
cand_394,O=C1CCC(N2C(=O)c3cc(C(F)(F)F)cc([N+](=O)[O-])c3C2=O)C(=O)N1,0.89,1
cand_395,NC(=O)c1c([N+](=O)[O-])ccc2c1C(=O)N(C1CCC(=O)NC1=O)C2=O,0.905,1
cand_396,O=C1CCC(N2C(=O)c3c(O)ccc(Br)c3C2=O)C(=O)N1,0.905,1
cand_397,Cc1c(Br)ccc2c1C(=O)N(C1CCC(=O)NC1=O)C2=O,0.985,1
cand_398,O=C1CCC(N2C(=O)c3ccc(Cl)c(C(F)(F)F)c3C2=O)C(=O)N1,0.95,1
cand_399,Nc1c(S(N)(=O)=O)ccc2c1C(=O)N(C1CCC(=O)NC1=O)C2=O,0.955,1
cand_400,NC(=O)c1cc2c(cc1S(N)(=O)=O)C(=O)N(C1CCC(=O)NC1=O)C2=O,0.915,1
cand_401,CCc1cc2c(cc1NC)C(=O)N(C1CCC(=O)NC1=O)C2=O,0.925,1
cand_402,N#Cc1cc(F)cc2c1C(=O)N(C1CCC(=O)NC1=O)C2=O,0.955,1
cand_403,COc1cc2c(cc1C(N)=O)C(=O)N(C1CCC(=O)NC1=O)C2=O,0.905,1
cand_404,Nc1ccc(Br)c2c1C(=O)N(C1CCC(=O)NC1=O)C2=O,0.885,1
cand_405,NS(=O)(=O)c1ccc(I)c2c1C(=O)N(C1CCC(=O)NC1=O)C2=O,0.875,1
cand_406,CNc1c(C#N)ccc2c1C(=O)N(C1CCC(=O)NC1=O)C2=O,0.975,1
cand_407,CCc1ccc2c(c1C(N)=O)C(=O)N(C1CCC(=O)NC1=O)C2=O,0.965,1
cand_408,Nc1c(C(F)(F)F)ccc2c1C(=O)N(C1CCC(=O)NC1=O)C2=O,0.94,1
cand_409,Nc1ccc(C(F)(F)F)c2c1C(=O)N(C1CCC(=O)NC1=O)C2=O,0.865,1
cand_410,CCc1ccc(NC)c2c1C(=O)N(C1CCC(=O)NC1=O)C2=O,0.885,1
cand_411,O=C1CCC(N2C(=O)c3ccc(C(=O)O)c(C(F)(F)F)c3C2=O)C(=O)N1,0.94,1
cand_412,CN(C)c1ccc2c(c1N)C(=O)N(C1CCC(=O)NC1=O)C2=O,0.965,1
cand_413,CN(C)c1cc2c(cc1F)C(=O)N(C1CCC(=O)NC1=O)C2=O,0.96,1
cand_414,CCc1ccc2c(c1[N+](=O)[O-])C(=O)N(C1CCC(=O)NC1=O)C2=O,0.905,1
cand_415,N#Cc1ccc2c(c1N)C(=O)N(C1CCC(=O)NC1=O)C2=O,0.965,1
cand_416,Nc1ccc(O)c2c1C(=O)N(C1CCC(=O)NC1=O)C2=O,0.895,1
cand_417,CNc1ccc(C)c2c1C(=O)N(C1CCC(=O)NC1=O)C2=O,0.895,1
cand_418,COc1cc(N(C)C)cc2c1C(=O)N(C1CCC(=O)NC1=O)C2=O,0.94,1
cand_419,Cc1ccc(N(C)C)c2c1C(=O)N(C1CCC(=O)NC1=O)C2=O,0.89,1
cand_420,NC(=O)c1cc2c(cc1O)C(=O)N(C1CCC(=O)NC1=O)C2=O,0.93,1
cand_421,O=C1CCC(N2C(=O)c3cc([N+](=O)[O-])cc([N+](=O)[O-])c3C2=O)C(=O)N1,0.89,1
cand_422,N#Cc1ccc(C(N)=O)c2c1C(=O)N(C1CCC(=O)NC1=O)C2=O,0.905,1
cand_423,COc1cc(C(=O)O)c2c(c1)C(=O)N(C1CCC(=O)NC1=O)C2=O,0.91,1
cand_424,NC(=O)c1ccc(C(N)=O)c2c1C(=O)N(C1CCC(=O)NC1=O)C2=O,0.88,1
cand_425,Nc1c(F)ccc2c1C(=O)N(C1CCC(=O)NC1=O)C2=O,0.965,1
cand_426,CNc1c(Br)ccc2c1C(=O)N(C1CCC(=O)NC1=O)C2=O,0.965,1
cand_427,CN(C)c1c(C(=O)O)ccc2c1C(=O)N(C1CCC(=O)NC1=O)C2=O,0.95,1
cand_428,CCc1cc(N)c2c(c1)C(=O)N(C1CCC(=O)NC1=O)C2=O,0.95,1
cand_429,CCc1ccc2c(c1CC)C(=O)N(C1CCC(=O)NC1=O)C2=O,0.97,1
cand_430,O=C1CCC(N2C(=O)c3ccc(O)c(C(F)(F)F)c3C2=O)C(=O)N1,0.985,1
cand_431,NS(=O)(=O)c1ccc2c(c1[N+](=O)[O-])C(=O)N(C1CCC(=O)NC1=O)C2=O,0.935,1
cand_432,O=C1CCC(N2C(=O)c3ccc(C(=O)O)c(Cl)c3C2=O)C(=O)N1,0.94,1
cand_433,N#Cc1ccc(S(N)(=O)=O)c2c1C(=O)N(C1CCC(=O)NC1=O)C2=O,0.905,1
cand_434,NC(=O)c1cc2c(c([N+](=O)[O-])c1)C(=O)N(C1CCC(=O)NC1=O)C2=O,0.855,1
cand_435,O=C1CCC(N2C(=O)c3cc(Br)c(I)cc3C2=O)C(=O)N1,0.945,1
cand_436,O=C1CCC(N2C(=O)c3cc(C(=O)O)cc(Cl)c3C2=O)C(=O)N1,0.91,1
cand_437,O=C1CCC(N2C(=O)c3cc(I)cc(O)c3C2=O)C(=O)N1,0.95,1
cand_438,Cc1ccc2c(c1Cl)C(=O)N(C1CCC(=O)NC1=O)C2=O,0.98,1
cand_439,Nc1cc(Cl)c2c(c1)C(=O)N(C1CCC(=O)NC1=O)C2=O,0.945,1
cand_440,O=C1CCC(N2C(=O)c3cc(Cl)c(Br)cc3C2=O)C(=O)N1,0.95,1
cand_441,Cc1cc2c(cc1Cl)C(=O)N(C1CCC(=O)NC1=O)C2=O,0.94,1
cand_442,NC(=O)c1cc2c(cc1C(N)=O)C(=O)N(C1CCC(=O)NC1=O)C2=O,0.915,1
cand_443,NC(=O)c1cc2c(cc1Cl)C(=O)N(C1CCC(=O)NC1=O)C2=O,0.89,1
cand_444,O=C1CCC(N2C(=O)c3ccc([N+](=O)[O-])c(F)c3C2=O)C(=O)N1,0.905,1
cand_445,O=C1CCC(N2C(=O)c3cc(O)c(C(=O)O)cc3C2=O)C(=O)N1,0.92,1
cand_446,O=C1CCC(N2C(=O)c3ccc(Cl)c([N+](=O)[O-])c3C2=O)C(=O)N1,0.89,1
cand_447,O=C1CCC(N2C(=O)c3cc(I)cc(C(F)(F)F)c3C2=O)C(=O)N1,0.96,1
cand_448,CNc1c([N+](=O)[O-])ccc2c1C(=O)N(C1CCC(=O)NC1=O)C2=O,0.9,1
cand_449,Cc1ccc2c(c1[N+](=O)[O-])C(=O)N(C1CCC(=O)NC1=O)C2=O,0.935,1
cand_450,Nc1c(O)ccc2c1C(=O)N(C1CCC(=O)NC1=O)C2=O,0.98,1
cand_451,NS(=O)(=O)c1ccc2c(c1Cl)C(=O)N(C1CCC(=O)NC1=O)C2=O,0.975,1
cand_452,Nc1c(Br)ccc2c1C(=O)N(C1CCC(=O)NC1=O)C2=O,0.975,1
cand_453,CCc1cc(C(N)=O)c2c(c1)C(=O)N(C1CCC(=O)NC1=O)C2=O,0.925,1
cand_454,CCc1ccc2c(c1O)C(=O)N(C1CCC(=O)NC1=O)C2=O,0.975,1
cand_455,Cc1cc2c(cc1S(N)(=O)=O)C(=O)N(C1CCC(=O)NC1=O)C2=O,0.945,1
cand_456,N#Cc1cc(F)c2c(c1)C(=O)N(C1CCC(=O)NC1=O)C2=O,0.925,1
cand_457,NC(=O)c1cc(N)cc2c1C(=O)N(C1CCC(=O)NC1=O)C2=O,0.915,1
cand_458,NC(=O)c1cc(O)cc2c1C(=O)N(C1CCC(=O)NC1=O)C2=O,0.915,1
cand_459,CNc1cc(Br)c2c(c1)C(=O)N(C1CCC(=O)NC1=O)C2=O,0.92,1
cand_460,CCc1cc(Br)c2c(c1)C(=O)N(C1CCC(=O)NC1=O)C2=O,0.955,1
cand_461,CNc1ccc2c(c1F)C(=O)N(C1CCC(=O)NC1=O)C2=O,0.955,1
cand_462,COc1ccc2c(c1Cl)C(=O)N(C1CCC(=O)NC1=O)C2=O,0.97,1
cand_463,COc1c(N)ccc2c1C(=O)N(C1CCC(=O)NC1=O)C2=O,0.93,1
cand_464,COc1cc2c(cc1F)C(=O)N(C1CCC(=O)NC1=O)C2=O,0.935,1
cand_465,COc1cc(O)c2c(c1)C(=O)N(C1CCC(=O)NC1=O)C2=O,0.95,1
cand_466,Cc1ccc2c(c1O)C(=O)N(C1CCC(=O)NC1=O)C2=O,0.99,1
cand_467,COc1cc2c(cc1OC)C(=O)N(C1CCC(=O)NC1=O)C2=O,0.945,1
cand_468,Cc1ccc(I)c2c1C(=O)N(C1CCC(=O)NC1=O)C2=O,0.885,1
cand_469,Nc1ccc(C(=O)O)c2c1C(=O)N(C1CCC(=O)NC1=O)C2=O,0.865,1
cand_470,COc1c(O)ccc2c1C(=O)N(C1CCC(=O)NC1=O)C2=O,0.94,1
cand_471,NC(=O)c1cc([N+](=O)[O-])cc2c1C(=O)N(C1CCC(=O)NC1=O)C2=O,0.875,1
cand_472,COc1ccc(C(=O)O)c2c1C(=O)N(C1CCC(=O)NC1=O)C2=O,0.885,1
cand_473,CNc1c(C(=O)O)ccc2c1C(=O)N(C1CCC(=O)NC1=O)C2=O,0.945,1
cand_474,NS(=O)(=O)c1cc2c(cc1Br)C(=O)N(C1CCC(=O)NC1=O)C2=O,0.95,1
cand_475,Cc1c(Cl)ccc2c1C(=O)N(C1CCC(=O)NC1=O)C2=O,0.94,1
cand_476,CNc1ccc(I)c2c1C(=O)N(C1CCC(=O)NC1=O)C2=O,0.89,1
cand_477,CCc1cc(O)cc2c1C(=O)N(C1CCC(=O)NC1=O)C2=O,0.935,1
cand_478,N#Cc1cc(C(F)(F)F)cc2c1C(=O)N(C1CCC(=O)NC1=O)C2=O,0.965,1
cand_479,N#Cc1ccc(C(F)(F)F)c2c1C(=O)N(C1CCC(=O)NC1=O)C2=O,0.885,1
cand_480,CCc1ccc(S(N)(=O)=O)c2c1C(=O)N(C1CCC(=O)NC1=O)C2=O,0.875,1
cand_481,CCc1ccc(C(=O)O)c2c1C(=O)N(C1CCC(=O)NC1=O)C2=O,0.875,1
cand_482,NS(=O)(=O)c1ccc2c(c1F)C(=O)N(C1CCC(=O)NC1=O)C2=O,0.965,1
cand_483,N#Cc1c(Cl)ccc2c1C(=O)N(C1CCC(=O)NC1=O)C2=O,0.96,1
cand_484,O=C1CCC(N2C(=O)c3cc(I)cc(C(=O)O)c3C2=O)C(=O)N1,0.905,1
cand_485,N#Cc1cc(N)cc2c1C(=O)N(C1CCC(=O)NC1=O)C2=O,0.945,1
cand_486,Nc1cc2c(cc1C(F)(F)F)C(=O)N(C1CCC(=O)NC1=O)C2=O,0.95,1
cand_487,CNc1ccc([N+](=O)[O-])c2c1C(=O)N(C1CCC(=O)NC1=O)C2=O,0.845,1
cand_488,O=C1CCC(N2C(=O)c3cc(C(=O)O)cc(C(F)(F)F)c3C2=O)C(=O)N1,0.93,1
cand_489,NS(=O)(=O)c1cc2c(cc1O)C(=O)N(C1CCC(=O)NC1=O)C2=O,0.945,1
cand_490,O=C1CCC(N2C(=O)c3ccc(O)c(C(=O)O)c3C2=O)C(=O)N1,0.975,1
cand_491,O=C1CCC(N2C(=O)c3c(F)ccc(F)c3C2=O)C(=O)N1,0.885,1
cand_492,O=C1CCC(N2C(=O)c3ccc(C(F)(F)F)c(I)c3C2=O)C(=O)N1,0.94,1
cand_493,O=C1CCC(N2C(=O)c3cc(O)cc(Cl)c3C2=O)C(=O)N1,0.945,1
cand_494,Cc1cc(O)cc2c1C(=O)N(C1CCC(=O)NC1=O)C2=O,0.955,1
cand_495,CN(C)c1ccc2c(c1I)C(=O)N(C1CCC(=O)NC1=O)C2=O,0.965,1
cand_496,CNc1ccc(F)c2c1C(=O)N(C1CCC(=O)NC1=O)C2=O,0.89,1
cand_497,O=C1CCC(N2C(=O)c3ccc(C(F)(F)F)c(F)c3C2=O)C(=O)N1,0.93,1
cand_498,Cc1cc(C)c2c(c1)C(=O)N(C1CCC(=O)NC1=O)C2=O,0.93,1
cand_499,CNc1ccc(N(C)C)c2c1C(=O)N(C1CCC(=O)NC1=O)C2=O,0.895,1
